Changed database context to 'tplUpstream'.
========================================================================================================
080_error_catalogue.sql -- connection 1: preflight, fixture, unauthenticated probes, session context
========================================================================================================
0.  Preflight passed.  TEMPLATE = 1, ROOT = 1, 35 permissions, 19 roles, a policy row on ROOT, and all 37 called procedures present.
1.  Fixture ready.  errcat.admin = UserId 20, default profile 15, inactive profile 16, step-up profile 17, 11 role grants, 31 expanded scope rows.
Probe       Want        Got        Verdict Case_                                                                                                                             
----------- ----------- ---------- ------- ----------------------------------------------------------------------------------------------------------------------------------
          1       50000 50000      PASS    uspSetObjectDescription, @ObjectType is not one of the five                                                                       
          2       50100 50100      PASS    uspGetLoginVerifier, @UserName is whitespace                                                                                      
          3       50101 50101      PASS    uspGetLoginVerifier, unknown application code                                                                                     
          4       50102 50102      PASS    uspGetLoginVerifier, @TenantCode not in this application                                                                          
          5       50103 50103      PASS    uspGetLoginVerifier, policy forbids local password                                                                                
          6       50105 50105      PASS    uspCompleteLogin, no such sign-in exchange                                                                                        
          7       50106 50106      PASS    uspCompleteLogin, @PasswordVerified = 0                                                                                           
          8       50107 50107      PASS    uspCompleteLogin, bypass route with no second factor                                                                              
          9       50110 50110      PASS    uspVerifyMfa, no confirmed factor enrolled                                                                                        
         10       50104 50104      PASS    uspBeginSsoLogin, the resolved policy forbids federation                                                                          
         11       50124 50124      PASS    uspBeginSsoLogin, the issuer is not on the tenant's list                                                                          
         12       50062 50062      PASS    uspRegisterOrganization, @OrganizationName is whitespace                                                                          
         13       50063 50063      PASS    uspRegisterOrganization, a Pending row already holds that code                                                                    
         14       50064 50064      PASS    uspRegisterExternalUser, no such registration                                                                                     
         15       50068 50068      PASS    uspRegisterOrganization, the address is over the threshold                                                                        
         16       50130 50130      PASS    uspRecordAuthorizationChange, @ChangeType outside the vocabulary                                                                  
         17       50131 50131      PASS    uspRecordAuthorizationChange, names no user, profile or role                                                                      
         18       50132 50132      PASS    uspRecordAuthorizationChange, @DetailJson is a fragment                                                                           
         19       50133 50133      PASS    uspRecordAuthorizationDenial, @PermissionCode is whitespace                                                                       
         20       50134 50134      PASS    uspRecordDataChange, @TableName is empty                                                                                          
         21       50135 50135      PASS    uspRecordDataChange, @Operation outside the four                                                                                  
         22       50190 50190      PASS    uspRecordPermissionProbe, @PermissionCode is empty                                                                                
         23       50191 50191      PASS    uspRecordPermissionProbe, @BurstCount below the clock resolution                                                                  
         24       50192 50192      PASS    uspRecordPermissionProbe, the clock ran backwards                                                                                 
         25       50193 50193      PASS    uspRecordPermissionProbe, @DetailJson is not JSON                                                                                 
         26       50194 50194      PASS    uspPurgePermissionProbe, @RetentionDays = 0                                                                                       
         27       50195 50195      PASS    uspPurgePermissionProbe, @BatchSize outside 1..1000000                                                                            
         28       50196 50196      PASS    uspReportPermissionProbe, @BucketMinutes outside 1..1440                                                                          
         29       50140 50140      PASS    uspRebuildTenantAccessPolicy, @Action is neither Rebuild nor Drop                                                                 
         30       50230 50230      PASS    uspGetNavigationForProfile, the build's catalogue is not this one                                                                 
         31       50020 50020      PASS    uspSetSessionContext, no such session                                                                                             
         32       50021 50021      PASS    uspSetSessionContext, the session's profile is inactive                                                                           
         33       50023 50023      PASS    uspSetSessionContext, the session expired yesterday                                                                               
         34       50024 50024      PASS    uspSetSessionContext, the account is inactive                                                                                     
         35       50022 50022      PASS    uspSetSessionContext, a second profile on one connection                                                                          
2-3.  35 probes, all raising the registered number.  Numbers proved: 50000 50020 50021 50022 50023 50024 50062 50063 50064 50068 50100 50101 50102 50103 50104 50105 50106 50107 50110 50124 50130 50131 50132 50133 50134 50135 50140 50190 50191 50192 50193 50194 50195 50196 50230
Sqlcmd: Successfully connected to server 'MDE-55TT2J4'.
Changed database context to 'tplUpstream'.
4.  Connection 2: errcat.admin signs in.  This connection is spent by the switch and does nothing else.
UserProfileId UserId      ProfileName                                                                                                                                                                                                                                                      IsDefault TenantId    TenantCode                                         TenantName                                                                                                                                                                                               TenantTypeCode                                     PreviousProfileId SwitchedUtc                            StepUpWasRequired ElevatedUntilUtc                       AppUser                                                                                                                                                                                                                                                        
------------- ----------- ---------------------------------------------------------------------------------------------------------------------------------------------------------------------------------------------------------------------------------------------------------------- --------- ----------- -------------------------------------------------- -------------------------------------------------------------------------------------------------------------------------------------------------------------------------------------------------------- -------------------------------------------------- ----------------- -------------------------------------- ----------------- -------------------------------------- ---------------------------------------------------------------------------------------------------------------------------------------------------------------------------------------------------------------------------------------------------------------
           15          20 Error Catalogue Admin                                                                                                                                                                                                                                                    1           1 ROOT                                               Platform Root                                                                                                                                                                                            Root                                                            NULL                2026-09-25 08:27:31.078                 0                                   NULL errcat.admin                                                                                                                                                                                                                                                   
UiElementId ElementCode                                                                                                                                                                                              ElementType          ParentUiElementId DisplayLabel                                                                                                                                                                                                                                                                                                                                                                                                     SortOrder   Depth       CanView CanEdit ActingTenantId
----------- -------------------------------------------------------------------------------------------------------------------------------------------------------------------------------------------------------- -------------------- ----------------- ---------------------------------------------------------------------------------------------------------------------------------------------------------------------------------------------------------------------------------------------------------------------------------------------------------------------------------------------------------------------------------------------------------------- ----------- ----------- ------- ------- --------------
          3 Area.Home                                                                                                                                                                                                Area                              NULL Home                                                                                                                                                                                                                                                                                                                                                                                                                      10           1       1       0              1
          2 Area.Cases                                                                                                                                                                                               Area                              NULL Cases                                                                                                                                                                                                                                                                                                                                                                                                                     20           1       1       0              1
          1 Area.Administration                                                                                                                                                                                      Area                              NULL Administration                                                                                                                                                                                                                                                                                                                                                                                                            90           1       1       0              1
          6 Screen.CaseList                                                                                                                                                                                          Screen                               2 Case files                                                                                                                                                                                                                                                                                                                                                                                                                10           2       1       0              1
          7 Screen.Home                                                                                                                                                                                              Screen                               3 Home                                                                                                                                                                                                                                                                                                                                                                                                                      10           2       1       0              1
         12 Screen.UserAdmin                                                                                                                                                                                         Screen                               1 Users                                                                                                                                                                                                                                                                                                                                                                                                                     10           2       1       1              1
          5 Screen.CaseDetail                                                                                                                                                                                        Screen                               2 Case file                                                                                                                                                                                                                                                                                                                                                                                                                 20           2       1       1              1
          8 Screen.ProfileAdmin                                                                                                                                                                                      Screen                               1 Profiles                                                                                                                                                                                                                                                                                                                                                                                                                  20           2       1       1              1
          9 Screen.RoleAdmin                                                                                                                                                                                         Screen                               1 Roles                                                                                                                                                                                                                                                                                                                                                                                                                     30           2       1       1              1
         11 Screen.TenantAdmin                                                                                                                                                                                       Screen                               1 Tenants                                                                                                                                                                                                                                                                                                                                                                                                                   40           2       1       1              1
          4 Screen.AuditTrail                                                                                                                                                                                        Screen                               1 Audit trails                                                                                                                                                                                                                                                                                                                                                                                                              50           2       1       0              1
         13 Command.CaseCreate                                                                                                                                                                                       Command                              6 New case file                                                                                                                                                                                                                                                                                                                                                                                                             10           3       1       1              1
         19 Command.RoleAssign                                                                                                                                                                                       Command                              8 Assign role                                                                                                                                                                                                                                                                                                                                                                                                               10           3       1       1              1
         20 Command.UserCreate                                                                                                                                                                                       Command                             12 New user                                                                                                                                                                                                                                                                                                                                                                                                                  10           3       1       1              1
         23 Tab.CaseSummary                                                                                                                                                                                          Tab                                  5 Summary                                                                                                                                                                                                                                                                                                                                                                                                                   10           3       1       1              1
         22 Tab.CaseNotes                                                                                                                                                                                            Tab                                  5 Notes                                                                                                                                                                                                                                                                                                                                                                                                                     20           3       1       1              1
         16 Command.CaseReassign                                                                                                                                                                                     Command                              5 Reassign                                                                                                                                                                                                                                                                                                                                                                                                                  30           3       1       1              1
         21 Tab.CaseHistory                                                                                                                                                                                          Tab                                  5 History                                                                                                                                                                                                                                                                                                                                                                                                                   30           3       1       0              1
         14 Command.CaseDelete                                                                                                                                                                                       Command                              5 Delete                                                                                                                                                                                                                                                                                                                                                                                                                    40           3       1       1              1
         17 Command.CaseRestore                                                                                                                                                                                      Command                              5 Restore                                                                                                                                                                                                                                                                                                                                                                                                                   50           3       1       1              1
         24 Command.NoteAdd                                                                                                                                                                                          Command                             22 Add note                                                                                                                                                                                                                                                                                                                                                                                                                  10           4       1       1              1
         25 Section.CaseApproval                                                                                                                                                                                     Section                             23 Approval                                                                                                                                                                                                                                                                                                                                                                                                                  10           4       1       1              1
         26 Command.CaseApprove                                                                                                                                                                                      Command                             25 Approve                                                                                                                                                                                                                                                                                                                                                                                                                   10           5       1       1              1
4.  Signed in.  UserSessionId 39, profile 15.  This connection now holds a context that disagrees with the session row, by design, and is finished.
Sqlcmd: Successfully connected to server 'MDE-55TT2J4'.
Changed database context to 'tplUpstream'.
========================================================================================================
080_error_catalogue.sql -- connection 3: tenancy, users, profiles, roles, triggers, registration
========================================================================================================
5.  Tenancy probes done.  ERRCAT_A = 45, ERRCAT_B = 46, ERRCAT_C = 47 (deactivated on purpose).  G-30's seeded step-up default came out as 1.
6.  Identity probes done.  errcat.limited = UserId 21.
7.  Profile probes done.  errcat.limited holds profile 18 at ROOT and 19 at ERRCAT_B.
8b''.  Revoke and re-grant through the procedures: row 52 resurrected in place.
8.  Role probes done.  ERRCAT_FREE = 70, ERRCAT_FROZEN = 71, ERRCAT_OWNED_BY_B = 72, ROLE_ADMIN = 11 granted to profile 19.
9.  Trigger and registration probes done.  Registration 5 was rejected and left in the queue.
9b. Platform administrator probes done.  Every flag cleared for E-50082 has been put back.
RowNo       Want        Verdict Got         Case_                                                                                                                             
----------- ----------- ------- ----------- ----------------------------------------------------------------------------------------------------------------------------------
          1       50092 PASS          50092 uspCreateTenant, @TenantCode already live in this application                                                                     
          2       50091 PASS          50091 uspCreateTenant, unknown tenant type code                                                                                         
          3       50094 PASS          50094 uspDeactivateTenant, the root tenant                                                                                              
          4       50090 PASS          50090 uspCreateTenant, the parent is inactive so it is unusable                                                                         
          5       50095 PASS          50095 uspUpdateTenant, re-parent beneath its own descendant                                                                             
          6       50030 PASS          50030 uspUpdateTenant, proposed parent is in another application                                                                        
          7       50000 PASS          50000 uspGetTenantTree, both @ApplicationId and @RootTenantId                                                                           
          8       50093 PASS          50093 uspGetTenantTree, no such subtree root                                                                                            
          9       50097 PASS          50097 uspSetTenantAuthenticationPolicy, neither method is allowed                                                                       
         10       50180 PASS          50180 uspSetTenantAuthenticationPolicy, an issuer with leading space                                                                    
         11       50098 PASS          50098 uspSetTenantDefaultRoles, a code that resolves to nothing                                                                         
         12       50150 PASS          50150 uspCreateUser, @UserName is whitespace                                                                                            
         13       50151 PASS          50151 uspCreateUser, @UserName already in use                                                                                           
         14       50153 PASS          50153 uspCreateUser, @AuthPolicyOverrideJson is a fragment                                                                              
         15       50155 PASS          50155 uspCreateUser, @IsPlatformAdmin = 1 at creation                                                                                   
         16       50152 PASS          50152 uspGetUser, no such user                                                                                                          
         17       50154 PASS          50154 uspDeactivateUser, the last live platform administrator                                                                           
         18       50223 PASS          50223 uspChangePassword, the account has no live password                                                                               
         19       50162 PASS          50162 uspCreateProfile, @ProfileName is whitespace                                                                                      
         20       50160 PASS          50160 uspCreateProfile, no such user                                                                                                    
         21       50161 PASS          50161 uspCreateProfile, the tenant is inactive so it is unusable                                                                        
         22       50162 PASS          50162 uspCreateProfile, same name for the same user at the same tenant                                                                  
         23       50163 PASS          50163 uspUpdateProfile, no such profile                                                                                                 
         24       50164 PASS          50164 uspUpdateProfile, clear IsDefault on the only default                                                                             
         25       50165 PASS          50165 uspDeactivateProfile, the profile this session is wearing                                                                         
         26       50176 PASS          50176 uspDefineRole, owner tenant outside this caller's authority                                                                       
         27       50173 PASS          50173 uspDefineRole, owner tenant is inactive so it is unusable                                                                         
         28       50170 PASS          50170 uspDefineRole, @RoleCode already used by that owner                                                                               
         29       50171 PASS          50171 uspUpdateRole, no such role                                                                                                       
         30       50172 PASS          50172 uspUpdateRole, freezing a system role                                                                                             
         31       50172 PASS          50172 uspSetRolePermissions, editing a system role's permissions                                                                        
         32       50046 PASS          50046 uspSetRolePermissions, JSON object where an array is required                                                                     
         33       50174 PASS          50174 uspSetRolePermissions, a code that is not registered                                                                              
         34       50177 PASS          50177 uspAssignRoleToProfile, no such profile                                                                                           
         35       50042 PASS          50042 uspAssignRoleToProfile, owner tenant below the requested scope                                                                    
         36       50047 PASS          50047 uspAssignRoleToProfile, the role is frozen                                                                                        
         37       50044 PASS          50044 uspAssignRoleToProfile, granting to the profile being worn                                                                        
         38       50178 PASS          50178 uspAssignRoleToProfile, the scope tenant is inactive                                                                              
         39       50179 PASS          50179 uspAssignRoleToProfile, that grant already exists                                                                                 
         40       50175 PASS          50175 uspRevokeRoleFromProfile, no such live grant                                                                                      
         41       50010 PASS          50010 trg_au_updt_User, UserName is immutable                                                                                           
         42       50012 PASS          50012 trg_au_updt_Role, a system role's code cannot change                                                                              
         43       50067 PASS          50067 uspApproveOrganization, the external branch cannot be resolved                                                                    
         44       50065 PASS          50065 uspApproveOrganization, the proposed code is already a tenant                                                                     
         45       50060 PASS          50060 uspApproveOrganization, concluding an already concluded registration                                                              
         46       50081 PASS          50081 uspGrantPlatformAdmin, no such user                                                                                               
         47       50083 PASS          50083 uspRebuildEffectivePermissions, no such profile                                                                                   
         48       50082 PASS          50082 uspRevokePlatformAdmin, the last platform administrator                                                                           
5-9.  48 probes, all raising the registered number.  Numbers proved: 50000 50010 50012 50030 50042 50044 50046 50047 50060 50065 50067 50081 50082 50083 50090 50091 50092 50093 50094 50095 50097 50098 50150 50151 50152 50153 50154 50155 50160 50161 50162 50163 50164 50165 50170 50171 50172 50173 50174 50175 50176 50177 50178 50179 50180 50223
Sqlcmd: Successfully connected to server 'MDE-55TT2J4'.
Changed database context to 'tplUpstream'.
========================================================================================================
080_error_catalogue.sql -- connection 4: the three refusals auth.uspSwitchProfile owns
========================================================================================================
RowNo       Want        Verdict Got         Case_                                                                                                                             
----------- ----------- ------- ----------- ----------------------------------------------------------------------------------------------------------------------------------
          1       50050 PASS          50050 uspSwitchProfile, a profile belonging to another user                                                                             
          2       50051 PASS          50051 uspSwitchProfile, the target profile is deactivated                                                                               
          3       50052 PASS          50052 uspSwitchProfile, a privileged hat with no elevation window                                                                       
10.  3 probes, all raising the registered number.  Numbers proved: 50050 50051 50052
Sqlcmd: Successfully connected to server 'MDE-55TT2J4'.
Changed database context to 'tplUpstream'.
11.  Connection 5: errcat.limited signs in and puts on the ERRCAT_B hat.
UserProfileId UserId      ProfileName                                                                                                                                                                                                                                                      IsDefault TenantId    TenantCode                                         TenantName                                                                                                                                                                                               TenantTypeCode                                     PreviousProfileId SwitchedUtc                            StepUpWasRequired ElevatedUntilUtc                       AppUser                                                                                                                                                                                                                                                        
------------- ----------- ---------------------------------------------------------------------------------------------------------------------------------------------------------------------------------------------------------------------------------------------------------------- --------- ----------- -------------------------------------------------- -------------------------------------------------------------------------------------------------------------------------------------------------------------------------------------------------------- -------------------------------------------------- ----------------- -------------------------------------- ----------------- -------------------------------------- ---------------------------------------------------------------------------------------------------------------------------------------------------------------------------------------------------------------------------------------------------------------
           19          21 Errcat Limited At B                                                                                                                                                                                                                                                      0          46 ERRCAT_B                                           Error Catalogue Programme B                                                                                                                                                                              Program                                                         NULL                2026-09-25 08:27:31.689                 0                                   NULL errcat.limited                                                                                                                                                                                                                                                 
UiElementId ElementCode                                                                                                                                                                                              ElementType          ParentUiElementId DisplayLabel                                                                                                                                                                                                                                                                                                                                                                                                     SortOrder   Depth       CanView CanEdit ActingTenantId
----------- -------------------------------------------------------------------------------------------------------------------------------------------------------------------------------------------------------- -------------------- ----------------- ---------------------------------------------------------------------------------------------------------------------------------------------------------------------------------------------------------------------------------------------------------------------------------------------------------------------------------------------------------------------------------------------------------------- ----------- ----------- ------- ------- --------------
          3 Area.Home                                                                                                                                                                                                Area                              NULL Home                                                                                                                                                                                                                                                                                                                                                                                                                      10           1       1       0             46
          1 Area.Administration                                                                                                                                                                                      Area                              NULL Administration                                                                                                                                                                                                                                                                                                                                                                                                            90           1       1       0             46
          7 Screen.Home                                                                                                                                                                                              Screen                               3 Home                                                                                                                                                                                                                                                                                                                                                                                                                      10           2       1       0             46
          8 Screen.ProfileAdmin                                                                                                                                                                                      Screen                               1 Profiles                                                                                                                                                                                                                                                                                                                                                                                                                  20           2       1       1             46
          9 Screen.RoleAdmin                                                                                                                                                                                         Screen                               1 Roles                                                                                                                                                                                                                                                                                                                                                                                                                     30           2       1       0             46
         19 Command.RoleAssign                                                                                                                                                                                       Command                              8 Assign role                                                                                                                                                                                                                                                                                                                                                                                                               10           3       1       1             46
11.  Signed in.  UserSessionId 40, wearing profile 19 at ERRCAT_B.
Sqlcmd: Successfully connected to server 'MDE-55TT2J4'.
Changed database context to 'tplUpstream'.
========================================================================================================
080_error_catalogue.sql -- connection 6: the refusals that need a SMALL actor
========================================================================================================
RowNo       Want        Verdict Got         Case_                                                                                                                             
----------- ----------- ------- ----------- ----------------------------------------------------------------------------------------------------------------------------------
          1       50040 PASS          50040 uspAssignRoleToProfile, the profile's tenant is out of reach                                                                      
          2       50041 PASS          50041 uspAssignRoleToProfile, the requested scope is out of reach                                                                       
          3       50045 PASS          50045 uspCreateProfile, no Authz.ProfileCreate at that tenant                                                                           
          4       50084 PASS          50084 uspGrantPlatformAdmin, the actor is not a platform administrator                                                                  
12.  4 probes, all raising the registered number.  Numbers proved: 50040 50041 50045 50084
Sqlcmd: Successfully connected to server 'MDE-55TT2J4'.
Changed database context to 'tplUpstream'.
========================================================================================================
080_error_catalogue.sql -- connection 7: the step-up family, on a profileless session
========================================================================================================
Probe       Expected    Actual      Probed                                                                                                                             Message                                                                                                                                                                                                                                                                                                     
----------- ----------- ----------- ---------------------------------------------------------------------------------------------------------------------------------- ------------------------------------------------------------------------------------------------------------------------------------------------------------------------------------------------------------------------------------------------------------------------------------------------------------
          1       50125       50125 uspElevateSession, @SessionTokenHash is 16 bytes                                                                                   @SessionTokenHash must be exactly 32 bytes -- the SHA-256 of the session token the application holds. The token itself is never a parameter here, for the same reason a password is not (D-08). Raised before anything is read.                                                                             
          2       50126       50126 uspElevateSession, no live session for that token hash                                                                             There is no live, unexpired session for that token hash, or the account it belongs to is no longer usable. Sign in again: a step-up re-proves the second factor for a session that already exists and cannot create one. Absent, ended, idle-expired, absolutely expired and deactivated are one answer deli
          3       50032       50032 uspDemandPermission, the session is wearing no profile                                                                             No profile is active on this connection, so there is nothing for a permission to be held BY: 'Data.Read' was demanded at tenant 1 and the session (UserId 20) is signed in without one. THIS IS NOT A DEFECT AND NOT A LOST SESSION: UI-09 ships the profileless session deliberately -- a user who register
          4       50127       50127 uspElevateSession, no confirmed factor of that type                                                                                This account has no confirmed factor of that type, so there is nothing for the reported time step to have been verified against and no way to elevate this session. Enrol and confirm one -- auth.uspEnrolMfaFactor then auth.uspConfirmMfaFactor, both in 112_auth_mfa_procedures.sql -- from a session tha
          5       50128       50128 uspElevateSession, the step is outside the window                                                                                  The second factor was refused, so this session has not been elevated. A TOTP step must be within Authn.TotpWindowSteps of the server's own step and strictly later than the last step this factor accepted; a recovery code must be one this account holds and has not spent. Which of those it was is in lo
          6       50129       50129 uspElevateSession, past Authn.LockoutThreshold on this session                                                                     Too many failed step-up attempts on this session: 5 inside the last 15 minute(s), which is at or above Authn.LockoutThreshold. THE SESSION HAS BEEN REVOKED and the account has NOT been locked -- deliberately, because a step-up brute force is evidence about one stolen token, and locking the account w
12A. The step-up family: E-50125, E-50126, E-50032, E-50127, E-50128 and E-50129, all raising the registered number.
Sqlcmd: Successfully connected to server 'MDE-55TT2J4'.
Changed database context to 'tplUpstream'.
========================================================================================================
080_error_catalogue.sql -- connection 8: the demo domain, and the coverage report
========================================================================================================
RowNo       Want        Verdict Got         Case_                                                                                                                             
----------- ----------- ------- ----------- ----------------------------------------------------------------------------------------------------------------------------------
          1       50206 PASS          50206 uspCreateCaseFile, blank case number and title                                                                                    
          2       50200 PASS          50200 uspCreateCaseFile, case number already used at this tenant                                                                        
          3       50207 PASS          50207 uspUpdateCaseFile, a status outside the six                                                                                       
          4       50208 PASS          50208 uspCloseApprovedCaseFiles, @OlderThanDays past the ceiling                                                                        
          5       50201 PASS          50201 uspGetCaseFile, no such case file                                                                                                 
          6       50203 PASS          50203 uspReassignCaseFile, the target profile cannot take it                                                                            
          7       50202 PASS          50202 uspApproveCaseFile, it is already approved                                                                                        
          8       50204 PASS          50204 uspAddCaseNote, the case file is closed                                                                                           
          9       50205 PASS          50205 uspRestoreCaseFile, it was never deleted                                                                                          
         10       50011 PASS          50011 trg_au_updt_CaseFile, TenantId is immutable                                                                                       
13.  10 probes, all raising the registered number.  Numbers proved: 50011 50200 50201 50202 50203 50204 50205 50206 50207 50208
ErrorNumber LedgerStatus  ThisFile    Reason                                                                                                                                                                                                                                                                                                                                                                                                                                                                                                                                                                                                                                                                                                                                                                                                                                                                                                                                                                                                                                  
----------- ------------- ----------- ----------------------------------------------------------------------------------------------------------------------------------------------------------------------------------------------------------------------------------------------------------------------------------------------------------------------------------------------------------------------------------------------------------------------------------------------------------------------------------------------------------------------------------------------------------------------------------------------------------------------------------------------------------------------------------------------------------------------------------------------------------------------------------------------------------------------------------------------------------------------------------------------------------------------------------------------------------------------------------------------------------------------------------------
      50000 in the ledger probed here                                                                                                                                                                                                                                                                                                                                                                                                                                                                                                                                                                                                                                                                                                                                                                                                                                                                                                                                                                                                                                         
      50010 accounted for probed here Raised by the immutability triggers, which carry no rule 8 instrumentation: a trigger has no CATCH block to write logs.ExecutionLog from, so this number can never enter the ledger. Proved by probe in section 9 instead.                                                                                                                                                                                                                                                                                                                                                                                                                                                                                                                                                                                                                                                                                                                                                                                                              
      50011 accounted for probed here Raised by auth.trg_au_updt_CaseFile and trg_au_updt_CaseNote. Same reason as E-50010, and proved by probe in section 13 -- on an unapproved case file, because the composite foreign key otherwise wins the race with Msg 547.                                                                                                                                                                                                                                                                                                                                                                                                                                                                                                                                                                                                                                                                                                                                                                                                          
      50012 accounted for probed here Raised by auth.trg_au_updt_Role for INV-10. Same reason as E-50010, proved by probe in section 9.                                                                                                                                                                                                                                                                                                                                                                                                                                                                                                                                                                                                                                                                                                                                                                                                                                                                                                                                       
      50020 in the ledger probed here                                                                                                                                                                                                                                                                                                                                                                                                                                                                                                                                                                                                                                                                                                                                                                                                                                                                                                                                                                                                                                         
      50021 in the ledger probed here                                                                                                                                                                                                                                                                                                                                                                                                                                                                                                                                                                                                                                                                                                                                                                                                                                                                                                                                                                                                                                         
      50022 in the ledger probed here                                                                                                                                                                                                                                                                                                                                                                                                                                                                                                                                                                                                                                                                                                                                                                                                                                                                                                                                                                                                                                         
      50023 in the ledger probed here                                                                                                                                                                                                                                                                                                                                                                                                                                                                                                                                                                                                                                                                                                                                                                                                                                                                                                                                                                                                                                         
      50024 in the ledger probed here                                                                                                                                                                                                                                                                                                                                                                                                                                                                                                                                                                                                                                                                                                                                                                                                                                                                                                                                                                                                                                         
      50030 in the ledger probed here                                                                                                                                                                                                                                                                                                                                                                                                                                                                                                                                                                                                                                                                                                                                                                                                                                                                                                                                                                                                                                         
      50031 in the ledger                                                                                                                                                                                                                                                                                                                                                                                                                                                                                                                                                                                                                                                                                                                                                                                                                                                                                                                                                                                                                                                     
      50032 in the ledger probed here                                                                                                                                                                                                                                                                                                                                                                                                                                                                                                                                                                                                                                                                                                                                                                                                                                                                                                                                                                                                                                         
      50040 in the ledger probed here                                                                                                                                                                                                                                                                                                                                                                                                                                                                                                                                                                                                                                                                                                                                                                                                                                                                                                                                                                                                                                         
      50041 in the ledger probed here                                                                                                                                                                                                                                                                                                                                                                                                                                                                                                                                                                                                                                                                                                                                                                                                                                                                                                                                                                                                                                         
      50042 in the ledger probed here                                                                                                                                                                                                                                                                                                                                                                                                                                                                                                                                                                                                                                                                                                                                                                                                                                                                                                                                                                                                                                         
      50043 accounted for             UNREACHABLE. INV-05 clause 4 in auth.uspAssignRoleToProfile, and clause 3 (E-50042) asks auth.TenantClosure the same question one test earlier: the closure never holds a cross-application pair, so a role whose owner is in another application dies at E-50042 and nothing reaches clause 4. A finding of this file, not a gap in it.                                                                                                                                                                                                                                                                                                                                                                                                                                                                                                                                                                                                                                                                                                
      50044 in the ledger probed here                                                                                                                                                                                                                                                                                                                                                                                                                                                                                                                                                                                                                                                                                                                                                                                                                                                                                                                                                                                                                                         
      50045 in the ledger probed here                                                                                                                                                                                                                                                                                                                                                                                                                                                                                                                                                                                                                                                                                                                                                                                                                                                                                                                                                                                                                                         
      50046 in the ledger probed here                                                                                                                                                                                                                                                                                                                                                                                                                                                                                                                                                                                                                                                                                                                                                                                                                                                                                                                                                                                                                                         
      50047 in the ledger probed here                                                                                                                                                                                                                                                                                                                                                                                                                                                                                                                                                                                                                                                                                                                                                                                                                                                                                                                                                                                                                                         
      50050 in the ledger probed here                                                                                                                                                                                                                                                                                                                                                                                                                                                                                                                                                                                                                                                                                                                                                                                                                                                                                                                                                                                                                                         
      50051 in the ledger probed here                                                                                                                                                                                                                                                                                                                                                                                                                                                                                                                                                                                                                                                                                                                                                                                                                                                                                                                                                                                                                                         
      50052 in the ledger probed here                                                                                                                                                                                                                                                                                                                                                                                                                                                                                                                                                                                                                                                                                                                                                                                                                                                                                                                                                                                                                                         
      50060 in the ledger probed here                                                                                                                                                                                                                                                                                                                                                                                                                                                                                                                                                                                                                                                                                                                                                                                                                                                                                                                                                                                                                                         
      50061 in the ledger                                                                                                                                                                                                                                                                                                                                                                                                                                                                                                                                                                                                                                                                                                                                                                                                                                                                                                                                                                                                                                                     
      50062 in the ledger probed here                                                                                                                                                                                                                                                                                                                                                                                                                                                                                                                                                                                                                                                                                                                                                                                                                                                                                                                                                                                                                                         
      50063 in the ledger probed here                                                                                                                                                                                                                                                                                                                                                                                                                                                                                                                                                                                                                                                                                                                                                                                                                                                                                                                                                                                                                                         
      50064 in the ledger probed here                                                                                                                                                                                                                                                                                                                                                                                                                                                                                                                                                                                                                                                                                                                                                                                                                                                                                                                                                                                                                                         
      50065 in the ledger probed here                                                                                                                                                                                                                                                                                                                                                                                                                                                                                                                                                                                                                                                                                                                                                                                                                                                                                                                                                                                                                                         
      50066 in the ledger                                                                                                                                                                                                                                                                                                                                                                                                                                                                                                                                                                                                                                                                                                                                                                                                                                                                                                                                                                                                                                                     
      50067 in the ledger probed here                                                                                                                                                                                                                                                                                                                                                                                                                                                                                                                                                                                                                                                                                                                                                                                                                                                                                                                                                                                                                                         
      50068 in the ledger probed here                                                                                                                                                                                                                                                                                                                                                                                                                                                                                                                                                                                                                                                                                                                                                                                                                                                                                                                                                                                                                                         
      50070 in the ledger                                                                                                                                                                                                                                                                                                                                                                                                                                                                                                                                                                                                                                                                                                                                                                                                                                                                                                                                                                                                                                                     
      50081 in the ledger probed here                                                                                                                                                                                                                                                                                                                                                                                                                                                                                                                                                                                                                                                                                                                                                                                                                                                                                                                                                                                                                                         
      50082 in the ledger probed here                                                                                                                                                                                                                                                                                                                                                                                                                                                                                                                                                                                                                                                                                                                                                                                                                                                                                                                                                                                                                                         
      50083 in the ledger probed here                                                                                                                                                                                                                                                                                                                                                                                                                                                                                                                                                                                                                                                                                                                                                                                                                                                                                                                                                                                                                                         
      50084 in the ledger probed here                                                                                                                                                                                                                                                                                                                                                                                                                                                                                                                                                                                                                                                                                                                                                                                                                                                                                                                                                                                                                                         
      50090 in the ledger probed here                                                                                                                                                                                                                                                                                                                                                                                                                                                                                                                                                                                                                                                                                                                                                                                                                                                                                                                                                                                                                                         
      50091 in the ledger probed here                                                                                                                                                                                                                                                                                                                                                                                                                                                                                                                                                                                                                                                                                                                                                                                                                                                                                                                                                                                                                                         
      50092 in the ledger probed here                                                                                                                                                                                                                                                                                                                                                                                                                                                                                                                                                                                                                                                                                                                                                                                                                                                                                                                                                                                                                                         
      50093 in the ledger probed here                                                                                                                                                                                                                                                                                                                                                                                                                                                                                                                                                                                                                                                                                                                                                                                                                                                                                                                                                                                                                                         
      50094 in the ledger probed here                                                                                                                                                                                                                                                                                                                                                                                                                                                                                                                                                                                                                                                                                                                                                                                                                                                                                                                                                                                                                                         
      50095 in the ledger probed here                                                                                                                                                                                                                                                                                                                                                                                                                                                                                                                                                                                                                                                                                                                                                                                                                                                                                                                                                                                                                                         
      50096 accounted for             UNREACHABLE. auth.uspUpdateTenant demands Tenant.Update at the PROPOSED PARENT before it compares applications, and no profile can hold a permission at a tenant outside its own application's closure, so a cross-application move is always E-50030 first. Section 5 proves the E-50030 instead.                                                                                                                                                                                                                                                                                                                                                                                                                                                                                                                                                                                                                                                                                                                                      
      50097 in the ledger probed here                                                                                                                                                                                                                                                                                                                                                                                                                                                                                                                                                                                                                                                                                                                                                                                                                                                                                                                                                                                                                                         
      50098 in the ledger probed here                                                                                                                                                                                                                                                                                                                                                                                                                                                                                                                                                                                                                                                                                                                                                                                                                                                                                                                                                                                                                                         
      50100 in the ledger probed here                                                                                                                                                                                                                                                                                                                                                                                                                                                                                                                                                                                                                                                                                                                                                                                                                                                                                                                                                                                                                                         
      50101 in the ledger probed here                                                                                                                                                                                                                                                                                                                                                                                                                                                                                                                                                                                                                                                                                                                                                                                                                                                                                                                                                                                                                                         
      50102 in the ledger probed here                                                                                                                                                                                                                                                                                                                                                                                                                                                                                                                                                                                                                                                                                                                                                                                                                                                                                                                                                                                                                                         
      50103 in the ledger probed here                                                                                                                                                                                                                                                                                                                                                                                                                                                                                                                                                                                                                                                                                                                                                                                                                                                                                                                                                                                                                                         
      50104 in the ledger probed here                                                                                                                                                                                                                                                                                                                                                                                                                                                                                                                                                                                                                                                                                                                                                                                                                                                                                                                                                                                                                                         
      50105 in the ledger probed here                                                                                                                                                                                                                                                                                                                                                                                                                                                                                                                                                                                                                                                                                                                                                                                                                                                                                                                                                                                                                                         
      50106 in the ledger probed here                                                                                                                                                                                                                                                                                                                                                                                                                                                                                                                                                                                                                                                                                                                                                                                                                                                                                                                                                                                                                                         
      50107 in the ledger probed here                                                                                                                                                                                                                                                                                                                                                                                                                                                                                                                                                                                                                                                                                                                                                                                                                                                                                                                                                                                                                                         
      50108 in the ledger                                                                                                                                                                                                                                                                                                                                                                                                                                                                                                                                                                                                                                                                                                                                                                                                                                                                                                                                                                                                                                                     
      50109 in the ledger                                                                                                                                                                                                                                                                                                                                                                                                                                                                                                                                                                                                                                                                                                                                                                                                                                                                                                                                                                                                                                                     
      50110 in the ledger probed here                                                                                                                                                                                                                                                                                                                                                                                                                                                                                                                                                                                                                                                                                                                                                                                                                                                                                                                                                                                                                                         
      50111 in the ledger                                                                                                                                                                                                                                                                                                                                                                                                                                                                                                                                                                                                                                                                                                                                                                                                                                                                                                                                                                                                                                                     
      50112 in the ledger                                                                                                                                                                                                                                                                                                                                                                                                                                                                                                                                                                                                                                                                                                                                                                                                                                                                                                                                                                                                                                                     
      50113 in the ledger                                                                                                                                                                                                                                                                                                                                                                                                                                                                                                                                                                                                                                                                                                                                                                                                                                                                                                                                                                                                                                                     
      50114 in the ledger                                                                                                                                                                                                                                                                                                                                                                                                                                                                                                                                                                                                                                                                                                                                                                                                                                                                                                                                                                                                                                                     
      50115 in the ledger                                                                                                                                                                                                                                                                                                                                                                                                                                                                                                                                                                                                                                                                                                                                                                                                                                                                                                                                                                                                                                                     
      50116 in the ledger                                                                                                                                                                                                                                                                                                                                                                                                                                                                                                                                                                                                                                                                                                                                                                                                                                                                                                                                                                                                                                                     
      50117 in the ledger                                                                                                                                                                                                                                                                                                                                                                                                                                                                                                                                                                                                                                                                                                                                                                                                                                                                                                                                                                                                                                                     
      50118 in the ledger                                                                                                                                                                                                                                                                                                                                                                                                                                                                                                                                                                                                                                                                                                                                                                                                                                                                                                                                                                                                                                                     
      50119 in the ledger                                                                                                                                                                                                                                                                                                                                                                                                                                                                                                                                                                                                                                                                                                                                                                                                                                                                                                                                                                                                                                                     
      50120 in the ledger                                                                                                                                                                                                                                                                                                                                                                                                                                                                                                                                                                                                                                                                                                                                                                                                                                                                                                                                                                                                                                                     
      50121 in the ledger                                                                                                                                                                                                                                                                                                                                                                                                                                                                                                                                                                                                                                                                                                                                                                                                                                                                                                                                                                                                                                                     
      50122 in the ledger                                                                                                                                                                                                                                                                                                                                                                                                                                                                                                                                                                                                                                                                                                                                                                                                                                                                                                                                                                                                                                                     
      50123 in the ledger                                                                                                                                                                                                                                                                                                                                                                                                                                                                                                                                                                                                                                                                                                                                                                                                                                                                                                                                                                                                                                                     
      50124 in the ledger probed here                                                                                                                                                                                                                                                                                                                                                                                                                                                                                                                                                                                                                                                                                                                                                                                                                                                                                                                                                                                                                                         
      50125 in the ledger probed here                                                                                                                                                                                                                                                                                                                                                                                                                                                                                                                                                                                                                                                                                                                                                                                                                                                                                                                                                                                                                                         
      50126 in the ledger probed here                                                                                                                                                                                                                                                                                                                                                                                                                                                                                                                                                                                                                                                                                                                                                                                                                                                                                                                                                                                                                                         
      50127 in the ledger probed here                                                                                                                                                                                                                                                                                                                                                                                                                                                                                                                                                                                                                                                                                                                                                                                                                                                                                                                                                                                                                                         
      50128 in the ledger probed here                                                                                                                                                                                                                                                                                                                                                                                                                                                                                                                                                                                                                                                                                                                                                                                                                                                                                                                                                                                                                                         
      50129 in the ledger probed here                                                                                                                                                                                                                                                                                                                                                                                                                                                                                                                                                                                                                                                                                                                                                                                                                                                                                                                                                                                                                                         
      50130 in the ledger probed here                                                                                                                                                                                                                                                                                                                                                                                                                                                                                                                                                                                                                                                                                                                                                                                                                                                                                                                                                                                                                                         
      50131 in the ledger probed here                                                                                                                                                                                                                                                                                                                                                                                                                                                                                                                                                                                                                                                                                                                                                                                                                                                                                                                                                                                                                                         
      50132 in the ledger probed here                                                                                                                                                                                                                                                                                                                                                                                                                                                                                                                                                                                                                                                                                                                                                                                                                                                                                                                                                                                                                                         
      50133 in the ledger probed here                                                                                                                                                                                                                                                                                                                                                                                                                                                                                                                                                                                                                                                                                                                                                                                                                                                                                                                                                                                                                                         
      50134 in the ledger probed here                                                                                                                                                                                                                                                                                                                                                                                                                                                                                                                                                                                                                                                                                                                                                                                                                                                                                                                                                                                                                                         
      50135 in the ledger probed here                                                                                                                                                                                                                                                                                                                                                                                                                                                                                                                                                                                                                                                                                                                                                                                                                                                                                                                                                                                                                                         
      50140 in the ledger probed here                                                                                                                                                                                                                                                                                                                                                                                                                                                                                                                                                                                                                                                                                                                                                                                                                                                                                                                                                                                                                                         
      50141 accounted for             auth.uspRebuildTenantAccessPolicy's check on its own work: it fires only when the rebuild it has just performed did not take effect. No caller can ask for that, and a test that could provoke it would have to break the security policy it is testing.                                                                                                                                                                                                                                                                                                                                                                                                                                                                                                                                                                                                                                                                                                                                                                                
      50150 in the ledger probed here                                                                                                                                                                                                                                                                                                                                                                                                                                                                                                                                                                                                                                                                                                                                                                                                                                                                                                                                                                                                                                         
      50151 in the ledger probed here                                                                                                                                                                                                                                                                                                                                                                                                                                                                                                                                                                                                                                                                                                                                                                                                                                                                                                                                                                                                                                         
      50152 in the ledger probed here                                                                                                                                                                                                                                                                                                                                                                                                                                                                                                                                                                                                                                                                                                                                                                                                                                                                                                                                                                                                                                         
      50153 in the ledger probed here                                                                                                                                                                                                                                                                                                                                                                                                                                                                                                                                                                                                                                                                                                                                                                                                                                                                                                                                                                                                                                         
      50154 in the ledger probed here                                                                                                                                                                                                                                                                                                                                                                                                                                                                                                                                                                                                                                                                                                                                                                                                                                                                                                                                                                                                                                         
      50155 in the ledger probed here                                                                                                                                                                                                                                                                                                                                                                                                                                                                                                                                                                                                                                                                                                                                                                                                                                                                                                                                                                                                                                         
      50160 in the ledger probed here                                                                                                                                                                                                                                                                                                                                                                                                                                                                                                                                                                                                                                                                                                                                                                                                                                                                                                                                                                                                                                         
      50161 in the ledger probed here                                                                                                                                                                                                                                                                                                                                                                                                                                                                                                                                                                                                                                                                                                                                                                                                                                                                                                                                                                                                                                         
      50162 in the ledger probed here                                                                                                                                                                                                                                                                                                                                                                                                                                                                                                                                                                                                                                                                                                                                                                                                                                                                                                                                                                                                                                         
      50163 in the ledger probed here                                                                                                                                                                                                                                                                                                                                                                                                                                                                                                                                                                                                                                                                                                                                                                                                                                                                                                                                                                                                                                         
      50164 in the ledger probed here                                                                                                                                                                                                                                                                                                                                                                                                                                                                                                                                                                                                                                                                                                                                                                                                                                                                                                                                                                                                                                         
      50165 in the ledger probed here                                                                                                                                                                                                                                                                                                                                                                                                                                                                                                                                                                                                                                                                                                                                                                                                                                                                                                                                                                                                                                         
      50166 accounted for             A RACE, and a narrow one: auth.uspListMyProfiles read the session through auth.uspSetSessionContext one statement earlier and cannot read the row back. Reaching it means ending that session from another connection inside that window, which no test can time reliably, and which is exactly the situation the number exists to describe. T-126 added it so a caller in that race is told "sign in again" rather than handed an empty list, which reads as "you have no profiles".                                                                                                                                                                                                                                                                                                                                                                                                                                                                                                                                                   
      50170 in the ledger probed here                                                                                                                                                                                                                                                                                                                                                                                                                                                                                                                                                                                                                                                                                                                                                                                                                                                                                                                                                                                                                                         
      50171 in the ledger probed here                                                                                                                                                                                                                                                                                                                                                                                                                                                                                                                                                                                                                                                                                                                                                                                                                                                                                                                                                                                                                                         
      50172 in the ledger probed here                                                                                                                                                                                                                                                                                                                                                                                                                                                                                                                                                                                                                                                                                                                                                                                                                                                                                                                                                                                                                                         
      50173 in the ledger probed here                                                                                                                                                                                                                                                                                                                                                                                                                                                                                                                                                                                                                                                                                                                                                                                                                                                                                                                                                                                                                                         
      50174 in the ledger probed here                                                                                                                                                                                                                                                                                                                                                                                                                                                                                                                                                                                                                                                                                                                                                                                                                                                                                                                                                                                                                                         
      50175 in the ledger probed here                                                                                                                                                                                                                                                                                                                                                                                                                                                                                                                                                                                                                                                                                                                                                                                                                                                                                                                                                                                                                                         
      50176 in the ledger probed here                                                                                                                                                                                                                                                                                                                                                                                                                                                                                                                                                                                                                                                                                                                                                                                                                                                                                                                                                                                                                                         
      50177 in the ledger probed here                                                                                                                                                                                                                                                                                                                                                                                                                                                                                                                                                                                                                                                                                                                                                                                                                                                                                                                                                                                                                                         
      50178 in the ledger probed here                                                                                                                                                                                                                                                                                                                                                                                                                                                                                                                                                                                                                                                                                                                                                                                                                                                                                                                                                                                                                                         
      50179 in the ledger probed here                                                                                                                                                                                                                                                                                                                                                                                                                                                                                                                                                                                                                                                                                                                                                                                                                                                                                                                                                                                                                                         
      50180 in the ledger probed here                                                                                                                                                                                                                                                                                                                                                                                                                                                                                                                                                                                                                                                                                                                                                                                                                                                                                                                                                                                                                                         
      50190 in the ledger probed here                                                                                                                                                                                                                                                                                                                                                                                                                                                                                                                                                                                                                                                                                                                                                                                                                                                                                                                                                                                                                                         
      50191 in the ledger probed here                                                                                                                                                                                                                                                                                                                                                                                                                                                                                                                                                                                                                                                                                                                                                                                                                                                                                                                                                                                                                                         
      50192 in the ledger probed here                                                                                                                                                                                                                                                                                                                                                                                                                                                                                                                                                                                                                                                                                                                                                                                                                                                                                                                                                                                                                                         
      50193 in the ledger probed here                                                                                                                                                                                                                                                                                                                                                                                                                                                                                                                                                                                                                                                                                                                                                                                                                                                                                                                                                                                                                                         
      50194 in the ledger probed here                                                                                                                                                                                                                                                                                                                                                                                                                                                                                                                                                                                                                                                                                                                                                                                                                                                                                                                                                                                                                                         
      50195 in the ledger probed here                                                                                                                                                                                                                                                                                                                                                                                                                                                                                                                                                                                                                                                                                                                                                                                                                                                                                                                                                                                                                                         
      50196 in the ledger probed here                                                                                                                                                                                                                                                                                                                                                                                                                                                                                                                                                                                                                                                                                                                                                                                                                                                                                                                                                                                                                                         
      50200 in the ledger probed here                                                                                                                                                                                                                                                                                                                                                                                                                                                                                                                                                                                                                                                                                                                                                                                                                                                                                                                                                                                                                                         
      50201 in the ledger probed here                                                                                                                                                                                                                                                                                                                                                                                                                                                                                                                                                                                                                                                                                                                                                                                                                                                                                                                                                                                                                                         
      50202 in the ledger probed here                                                                                                                                                                                                                                                                                                                                                                                                                                                                                                                                                                                                                                                                                                                                                                                                                                                                                                                                                                                                                                         
      50203 in the ledger probed here                                                                                                                                                                                                                                                                                                                                                                                                                                                                                                                                                                                                                                                                                                                                                                                                                                                                                                                                                                                                                                         
      50204 in the ledger probed here                                                                                                                                                                                                                                                                                                                                                                                                                                                                                                                                                                                                                                                                                                                                                                                                                                                                                                                                                                                                                                         
      50205 in the ledger probed here                                                                                                                                                                                                                                                                                                                                                                                                                                                                                                                                                                                                                                                                                                                                                                                                                                                                                                                                                                                                                                         
      50206 in the ledger probed here                                                                                                                                                                                                                                                                                                                                                                                                                                                                                                                                                                                                                                                                                                                                                                                                                                                                                                                                                                                                                                         
      50207 in the ledger probed here                                                                                                                                                                                                                                                                                                                                                                                                                                                                                                                                                                                                                                                                                                                                                                                                                                                                                                                                                                                                                                         
      50208 in the ledger probed here                                                                                                                                                                                                                                                                                                                                                                                                                                                                                                                                                                                                                                                                                                                                                                                                                                                                                                                                                                                                                                         
      50209 accounted for             dbo.uspCloseApprovedCaseFiles checking its own work: it fires when the sweep closed N case files but wrote a number of audit rows that is not N, and it rolls the batch back. Reaching it means breaking the UPDATE's OUTPUT clause first, which is the statement being asserted -- a test that edited it would be measuring the edit. It is here because a set-based writer that silently under-logs is the exact failure logs.uspRecordDataChange's notes warn about, and an assertion is cheaper than a code review.                                                                                                                                                                                                                                                                                                                                                                                                                                                                                                                 
      50220 in the ledger                                                                                                                                                                                                                                                                                                                                                                                                                                                                                                                                                                                                                                                                                                                                                                                                                                                                                                                                                                                                                                                     
      50221 in the ledger                                                                                                                                                                                                                                                                                                                                                                                                                                                                                                                                                                                                                                                                                                                                                                                                                                                                                                                                                                                                                                                     
      50222 in the ledger                                                                                                                                                                                                                                                                                                                                                                                                                                                                                                                                                                                                                                                                                                                                                                                                                                                                                                                                                                                                                                                     
      50223 in the ledger probed here                                                                                                                                                                                                                                                                                                                                                                                                                                                                                                                                                                                                                                                                                                                                                                                                                                                                                                                                                                                                                                         
      50224 in the ledger                                                                                                                                                                                                                                                                                                                                                                                                                                                                                                                                                                                                                                                                                                                                                                                                                                                                                                                                                                                                                                                     
      50230 in the ledger probed here                                                                                                                                                                                                                                                                                                                                                                                                                                                                                                                                                                                                                                                                                                                                                                                                                                                                                                                                                                                                                                         
 
14.  Coverage of Appendix B, measured rather than asserted
     ---------------------------------------------------------------------------------------------------
     Throwable from sys.sql_modules in the house idiom ....... 131
     Ever recorded in logs.ExecutionLog ..................... 124
     Raised on purpose by this file ......................... 103
     Throwable but unobservable, with a reason .............. 8
     Throwable, unobserved and unaccounted for .............. none
     In the ledger but outside the harvest .................. 50099
 
     Numbers raised by SCRIPTS rather than modules are outside the harvest by construction, because a script
     leaves nothing in sys.sql_modules: E-50080, E-50085, E-50086 and E-50087 in 900_bootstrap_first_admin.sql,
     and E-50210 and E-50211 in 135_audit_triggers.sql. No file under _tests raises any of the six, and none of
     them is a refusal a CALLER can meet -- the four bootstrap numbers are what a second bootstrap or an
     out-of-order install is told, and the two audit numbers are 135 asserting its own triggers at install time.
     A database this file can run against at all is one where 135 did not throw, and a database with profiles in
     it is one where a second bootstrap would raise E-50080. They are proved by the install, not by a test.
 
     Three more numbers are in the ledger without being raised here, and each has one place that does raise it:
     E-50220, E-50221 and E-50222 are the password-change refusals, and _tests/040_identity_and_authn.sql
     section 13 provokes all three on an account whose whole fixture exists for them. E-50224 is 110's own
     closing report, which probes it on every deployment. E-50230 is probed BOTH here and by 150's closing
     report, and the duplication is deliberate: the report proves the number exists, and section 2j proves it is
     raised before the session is resolved. A number observed on every install is not a number this file has to
     raise -- but it is a number somebody has to, and the sentence above says who.
 
PASS  080_error_catalogue: every number a shipped module can throw is either in the ledger or accounted for.
